title,url
Cognitive Cocktail,https://www.youtube.com/watch?v=OfGuPDfgO6g&t=20s
Kushal Lodha - 1,https://youtu.be/qCf_w1XKDms?si=QJKGeyvXINxWC8vl
Thinkly,https://youtu.be/xTkfRx8w8hw?si=ufeiERxylsAl8jPi
Investing with upsurge - 1,https://youtu.be/a-NURn-wT04?si=C9DCMGaHCwFxFXVv
CA Priti Agarwal,https://youtu.be/-E1M0rYHLjo?si=Rvh0yxMkI1G7thGD
BITV,https://youtu.be/H8M0rMvLGiQ?si=h2isAc-r8XVfGs3h
IND money,https://youtu.be/YgDOQVJQd90?si=Kc-rkNzIjb1WdKE5
Investing with Dhan,https://www.youtube.com/watch?v=5cfcKkWC-M4&t=320s
Investing with upsurge - 2,https://youtu.be/IkP-pHwx5rU?si=YzsgZGcO9qS9JpaE
Kushal Lodha - 2,https://youtu.be/qqipukZ25GA?si=bkk7mS0gaT21Ssr8
Mahatmaji Technical,https://youtu.be/-bliAPPwhgo?si=z1JLHzftV6BT134a
Dostcast - 1,https://youtu.be/W2eBRPB7ql4?si=M25jXkM1heyUCYjA
Per annum money,https://youtu.be/Pjaf1Mu6H7M?si=4PU1lvaBmL4wPD-u
Personal Finance TV,https://youtu.be/1IopPA-4My0?si=vi0hHcbhSJqvYAo8
Kushal Lodha - 3,https://youtu.be/OXo6n3TyeFw?si=wcUHCeDRzt514vCI
Groww - 1,https://youtu.be/qd5P5hDTZBw?si=ATypsCwG1RDTp7tD
Deven U Pandey - 1,https://youtu.be/SrAJrF7j-HY?si=yg5amIQadDxVQCaM
Growth Cast by shashank - 1,https://youtu.be/vF7oA2MsU8k?si=OS7hRUFdyocgpLp1
Money9 -1,https://youtu.be/ZYZaA_5S3qo?si=MKPwR6LVx6sjELmf
Vijay Thakkar,https://youtu.be/QS_mejlQVEk?si=lHMZxntvIiUmbCAl
Tedx Talks,https://youtu.be/bDERVAJ-6dc?si=fzdgCVOVgdj-9yRQ
Sourabh Sisodiya,https://youtu.be/ycuuupHhAYg?si=uxqR4gz6r0a0HUbH
Divya Jain - 1,https://youtu.be/1xm2c3DfWtk?si=VOr2GVKsGb0fQvNg
Hemant Pant,https://youtu.be/-WANGoNCoMY?si=Xvvb_hdTv0z7ufVK
Dostcast - 2,https://youtu.be/gNCU7tGR0v8?si=7V3qqhqkatN75PX_
Investing with upsurge - 3,https://youtu.be/hsMNsRtPGPc?si=HhZiquUHhaNGWV_n
IFA Galaxy,https://youtu.be/Tre1xEtqvrQ?si=ZzU37SAJesRVCDY2
Deven U Pandey - 2,https://youtu.be/mYIdOqCDrlo?si=p1MsCnU3L8mZL-Zd
Digital Dhairya,https://youtu.be/gOoB7JWBtZE?si=nEG-NuWBdGizCynp
Sanjay Khaturia - 1,https://youtu.be/Sy2X8A7h0Dg?si=Jfdp9WF92dgdrrMA
Samriti Grover,https://youtu.be/KvX8mC2QxyA?si=M1-3odf6EUfuWyat
Groww - 2,https://youtu.be/LT4YZk8CMak?si=jlTgmPYmszDdS1cu
Deven U Pandey - 3,https://youtu.be/Am-3H-rW2ao?si=c1qzWHsYgBegVWvz
VedicVox,https://youtu.be/bs-X7N6Qasc?si=EQifa5TrMldcUY34
Money9 - 2,https://youtu.be/lqSZG7lFxng?si=MHG_huURyt-89A7X
Masoom Minawala,https://youtu.be/2nG_GF4Id68?si=FhT_oIFlnbSSfz5X
Groww AMC,https://youtu.be/aDXsv4BT2Qo?si=O_lVt3zh31h5foK5
Workwise with Naukri,https://youtu.be/Qy9VOJ6JKk0?si=HBu8cwFhVRg2pdM0
Appreciate,https://youtu.be/dQuac2Kh6us?si=YZSia2VMWRl-V4sj
Moneytalks by Groww,https://youtu.be/Te45zkVZPsQ?si=fdQMAHU6JO-tWird
Malkansview,https://youtu.be/hI_qArakeCg?si=hd1rVZrGa0K5Xab-
Satish K Videos,https://youtu.be/3lbGrsQTV20?si=J-meIMtqx15s9GxI
Sanskar Goyal -1,https://youtu.be/bWUO2C9iAx8?si=IgFR66hgYAXyyhaa
Awaara Musaafir - 1,https://youtu.be/_U5fGLEQpnQ?si=-w-nsk_B9KfDJBqD
NRI Money Clinic,https://youtu.be/IsBr3VXvnMQ?si=XeGfxLFsAdEGMaBr
Zeeshan Shaikh,https://youtu.be/YjWmMP5VOgA?si=pCxkaTMlyQn2UOpB
Sanjay Khaturia - 2,https://youtu.be/anmbfd5IFeQ?si=x0uDS8Abg5EO_4VQ
Kushal Lodha - 4,https://youtu.be/hrn8n0JmH1g?si=DqcDKta9ZboVTAmZ
FinnovationZ by Prasad,https://youtu.be/M4J2sdKd0SM?si=WeVC576ZTWh0-8Qs
Shashank Udupa,https://youtu.be/6xJKBnLTFJw?si=P0HtsJU6Ol37YcTH
Sanskar Goyal - 2,https://youtu.be/sJUKkj3wQcA?si=hg1Y1q8fzhrSq2-O
Investing with upsurge - 4,https://youtu.be/TPyMGgY4hwc?si=VzhnzuOfax3Ol4al
Deven U Pandey - 4,https://youtu.be/6pT-6iJkvHg?si=s5mRqdbvVIJNNlJF
Investing with upsurge - 5,https://youtu.be/riZi6u7Ksfg?si=7n9w55U-SCFVsMkn
Learn Stock Market,https://youtu.be/5pWPVR_kh6M?si=0Bko-1A7yrvbRNAf
Vivek Bajaj - 20 Years in Stock Market,https://youtu.be/5pWPVR_kh6M?si=0Bko-1A7yrvbRNAf
Rise With Rahul,https://youtu.be/AmKJ6gUqtXo?si=lY2NQw-it4rMDsKO
Growth Cast by Shashank - 2,https://youtu.be/-6JHWhyE-BY?si=2b74xhdqUmWDonO3
Aspero,https://youtu.be/KS-8v4oJsGM?si=o0prKMgRA1OPBWcH
INDmoney,https://youtu.be/pcmDhs9043o?si=GYBmKIY9POx7zmMk
Divya Jain - 2,https://youtu.be/1xm2c3DfWtk?si=VOr2GVKsGb0fQvNg
The Money Podcast with Neeraj & Vrinda,https://youtu.be/DWWmcyFMeww?si=4mxXO37syD1TWtDk
Kushal Lodha - 5,https://youtu.be/OnGosk5YTQo?si=iov4aC8M9FbDmrQ9
Neeraj Arora,https://youtu.be/OnGosk5YTQo?si=iov4aC8M9FbDmrQ9
Kirttan Shah,https://youtu.be/OnGosk5YTQo?si=iov4aC8M9FbDmrQ9
Awaara Musaafir - 2,https://youtu.be/TFb-2lpBAR0?si=4ZhE-M9uhkvvZ4f-
Finance With Sharan,https://youtu.be/j-TOQyqbwRA?si=MNB3WQBw4rGGZEYZ
Kushal Lodha - 6,https://youtu.be/8PvjimzdO7U?si=dOyAKtaw6S7mAgNd
Viral Sakhiya,https://youtu.be/_OnVYsv8hbM?si=SS7j1z49ncZnkrur
Sanskar Goyal - 3,https://youtu.be/AsnRBZcXj4o?si=k-W8qeqIzjriua9l
Rahul Jain - 1,https://youtu.be/AsnRBZcXj4o?si=k-W8qeqIzjriua9l
Ashika Global Family Office Services,https://youtu.be/SqEy_y_USNs?si=x_4L3ZPcEAa0f9TR
GrowthCast by Shashank,https://youtu.be/nUAl9zavPJs?si=y2vBSPVfs2QD2W6D
Rahul Jain Podcast - 2,https://youtu.be/Y7_G3GuzfWk?si=qSDuHu8tRtrSbbX9
Deven U Pandey,https://youtu.be/Bjqahcl8ztQ?si=jTEap2m_p8XNJC7T
The Viral Show,https://youtu.be/1VRULQHY6Ag?si=cz_4cq3_ZhYOmFv7
Investing With Upsurge,https://youtu.be/L8t-qq5QRbo?si=_FfgC4iV2uj7AdE7
Deven U Pandey,https://youtu.be/ystNCzAM0EA?si=kVnEF8D2DOy7gM27
Neha Nagar,https://youtu.be/zpztWm_7y4w?si=wmxIdm5Nwx9qfsWI
Dr. Shikha Sharma Rishi,https://youtu.be/FS0o2SH9SJg?si=dY5FSXzZdKIqo4KA
Vijay Vikram Singh,https://youtu.be/wutNDRC1Dws?si=j9ASLacxxlArc14i
Investing With Upsurge,https://www.youtube.com/live/GGPOI52eON8?si=NMm2oY2OoNmzni61
Money9,https://youtu.be/DYsR7mjC0zY?si=vfeDxrENaA3efm7y
CFA Society India,https://youtu.be/BIQYIfPqeyU?si=Pnw0Tul2kzULbp26
Sanskar Goyal,https://youtu.be/oJhXTmozvsc?si=yqUK9kcOrqaBd1Jm
Awaara Musaafir,https://youtu.be/szj8m6-FR5w?si=ChK16jsQYFKwmxoy
Canara HSBC Life Insurance,https://youtu.be/F89Zu0BZjNU?si=Dat129mfdLSjVLRZ
Smart Up,https://youtu.be/8cWZbQec9hs?si=7tD6QwgXZaQJ2F8c
Investing with Dhan,https://youtu.be/HGyaYGFh99o?si=VwV6kPDrvKryUWeh
Kunal Jaisingh,https://youtu.be/VM6gnfua7Qg?si=giR3itFgRpl5gPL0
Millions,https://youtu.be/oc-l9LWXjjc?si=IlO-f8HzrU5ULNaD
ThisOrThat with Bhartendra,https://youtu.be/oaiRSZnKaM0?si=fmZWyPtIWHZqu_Vs
GIBS Business School, Bangalore,https://youtu.be/3LPjV2ChW-Y?si=5O7_bk2FxXdOe0t2
Kunal Jaisingh,https://youtu.be/JHXFzfVICdQ?si=9dcj5tVw7ugtLYUX
